administrative_genre,meanLandSize
0,186.87323445484108
1,754.8939089726919
