administrative_genre,meanLandSize
0,155.80672521873962
1,339.8533564567769
