{"distance_hn_ThaoCamVien": 8.50624321629272, "numberOfBedRooms": 4.694865352908848, "num_of_atm_in_500m_radius": 2.5019139731364244, "num_of_fast_food_in_1000m_radius": 5.530906702303563, "distance_hn_CongvientrenmaytaiTakaShimaya": 8.549326044431142, "num_of_kindergarten_in_500m_radius": 0.424584928310947, "distance_hn_NguyenVanLuong": 9.416354812028166, "distance_hn_VincomDongKhoi": 8.575160911071213, "num_of_parking_entrance_in_2000m_radius": 0.5597182269134069, "numberOfBathRooms": 4.4773012815143645, "num_of_restaurant_in_500m_radius": 9.610274298398604, "landSize": 159.6336510453238, "distance_hn_DuongNguyenHuequan1TPHCM": 8.568880769220234, "num_of_townhallcommunity_centre_in_1000m_radius": 0.0, "num_of_parking_entrance_in_1000m_radius": 0.16047928605404427, "num_of_parking_in_2000m_radius": 14.923305171125055, "h": 18.91860796855748, "distance_hn_DuongLeDuan": 8.50269425840277, "num_of_restaurant_in_1000m_radius": 35.4104283222723, "distance_hn_CongvienphepthuatHarryPotter": 9.617798014393344, "distance_hn_DuongVoChiCong": 13.953420275919111, "distance_hn_DiamondPlazaShoppingCenter": 8.557220900380804, "distance_hn_CongviennuocDamSen": 8.792627356043154, "distance_hn_SCVivoCityShoppingCenter": 9.05487959415776, "distance_hn_TTTMSaigonCentreTakashimaya": 8.545367960460363, "num_of_cafe_in_500m_radius": 6.761602754309271, "num_of_atm_in_2000m_radius": 36.05406690978278, "distance_hn_DuongMacThiBuoi": 8.573822406743393, "num_of_fuel_in_1000m_radius": 4.621894040635122, "num_of_hospital_in_500m_radius": 0.5723798953543682, "distance_hn_DaoTri": 9.200529281517062, "landSize_ratio_with_administrative_genre": 0.9780855556583206, "distance_hn_CongvienVinhomesCentralPark": 8.651654406421853, "distance_nearest_8": 6.517761901040268, "distance_hn_TonThatThuyet": 13.948563588848545, "nearest_4_lon": 106.68262035327842, "district_lat": 10.791320209180277, "distance_hn_CrescentMall": 9.05487959415776, "district_lon": 106.63143638551044, "distance_hn_BaHuyenThanhQuan": 8.449539742530316, "num_of_place_of_worship_in_1000m_radius": 10.679335885297515, "acreage": 3.027864468735789, "num_of_parking_in_1000m_radius": 3.8263380824027724, "distance_hn_SaigonGarden": 8.963230752939543, "num_of_university_in_500m_radius": 0.4793313551835829, "distance_hn_AeonMallShoppingCenterTanPhu": 8.985529953882727, "distance_nearest_7": 6.4543571197199, "distance_hn_DuongNamKyKhoiNghia": 8.576533358477128, "num_of_school_in_500m_radius": 3.1981698339713245, "distance_hn_DuongDongKhoiquan1TPHCM": 13.82691219580388, "nearest_6_lon": 106.68195570871944, "distance_nearest_1": 5.715651870722753, "w": 2.7205054927631434, "num_of_fuel_in_2000m_radius": 17.28168248431448, "num_of_ward": 13.58182518290335, "num_of_fast_food_in_500m_radius": 1.3631339328184104, "nearest_8_lat": 10.79166139264925, "facade": 0.8376407166640241, "nearest_4_lat": 10.79147721225319, "distance_hn_CongvienkhudothiSala": 8.807097872131106, "nearest_6_lat": 10.79178325928184, "num_of_bank_in_500m_radius": 3.3981290629459333, "distance_nearest_6": 6.379309604800257, "nearest_3_lat": 10.791481891396442, "nearest_8_lon": 106.68145671140113, "lon": 106.68358511625657, "distance_hn_CongvienTaoDan": 8.512065692492774, "num_of_kindergarten_in_1000m_radius": 1.9066117012842874, "distance_hn_CongviennuocCuChi": 10.230451841197407, "distance_hn_NguyenThiMinhKhai": 13.990821626497146, "population": 12.819141992595124, "numberOfFloors": 2.5186527441165145, "num_of_parking_entrance_in_500m_radius": -0.036920428548778, "num_of_police_in_500m_radius": 0.29035765249496026, "num_of_marketplace_in_2000m_radius": 8.87279440077918, "num_of_police_in_1000m_radius": 1.3772225871480668, "distance_hn_CongviencaKoiRinRinPark": 9.499477804709082, "nearest_2_lon": 106.6824997563233, "num_of_bank_in_2000m_radius": 48.953294525357315, "distance_hn_DuongLeLoiquan1TPHCM": 8.568880769220234, "nearest_5_lat": 10.79220277594087, "acreage_ratio_with_meanLandSize": 0.01844814063122295, "distance_district": 8.356055567755574, "nearest_0_lat": 10.79222987164891, "num_of_hospital_in_1000m_radius": 2.544564995809645, "density": 2.8835222448771987, "distance_nearest_5": 6.295785207560505, "nearest_7_lon": 106.68196940969568, "administrative_genre": 0.05547124510181431, "distance_nearest_4": 6.198271620689687, "num_of_townhallcommunity_centre_in_2000m_radius": 0.0, "num_of_university_in_2000m_radius": 7.937575030012005, "nearest_1_lon": 106.68293272142286, "distance_hn_CongvienGiaDinh": 8.530338066360468, "nearest_0_lon": 106.68333357251329, "distance_hn_BenVanDon": 8.745600303819861, "num_of_cafe_in_2000m_radius": 94.21986907970735, "distance_hn_NguyenThiThap": 8.921861475469417, "distance_hn_Congvien304": 8.49087608678479, "distance_hn_CongviencauAnhSaoHoBanNguyet": 11.168882689586585, "num_of_kindergarten_in_2000m_radius": 6.9412444222972205, "distance_hn_LeVanSy": 13.990821626497146, "distance_hn_HauGiang": 8.585969650598066, "nearest_5_lon": 106.68237967422112, "num_of_police_in_2000m_radius": 4.594011189381413, "num_of_bank_in_1000m_radius": 13.663140727989308, "num_of_hospital_in_2000m_radius": 9.096740583025664, "distance_hn_Congvien239": 8.503549663883543, "distance_nearest_3": 6.085455437029393, "landSize_ratio": 57.009918820456974, "distance_hn_DoanVanBo": 14.086693919246944, "num_of_fast_food_in_2000m_radius": 19.04487077850008, "distance_hn_CongvienThoTrang": 8.50119302159395, "distance_nearest_0": 5.295645621913969, "num_of_marketplace_in_500m_radius": 0.540714398967134, "distance_hn_CongvienHoangVanThu": 8.4976527700365, "num_of_university_in_1000m_radius": 2.273256472400281, "num_of_school_in_2000m_radius": 46.08688758522277, "num_of_townhallcommunity_centre_in_500m_radius": -0.0855059004733969, "distance_hn_HungVuong": 8.6191463724504, "distance_hn_CongtruongLamSon": 8.550817722032008, "distance_hn_DuongHaiBaTrung": 13.968618265398286, "frontWidth": 2.7205054927631434, "num_of_parking_in_500m_radius": 1.1941833337108427, "num_of_school_in_1000m_radius": 12.535278262248296, "num_of_fuel_in_500m_radius": 1.025640444857188, "num_of_place_of_worship_in_500m_radius": 2.718634623660785, "distance_hn_CongvienLeVanTam": 8.426812084649761, "lat": 10.792250806927234, "distance_hn_DuongNguyenThiDinh": 9.228470953471987, "num_of_atm_in_1000m_radius": 10.037441391651, "nearest_1_lat": 10.79209403276747, "nearest_7_lat": 10.791591164713436, "distance_hn_DuongLeAnhXuanquan1": 8.501629825908557, "num_of_marketplace_in_1000m_radius": 2.431380099209495, "num_of_cafe_in_1000m_radius": 26.51833563614125, "distance_hn_KinhDuongVuong": 9.179091093699352, "num_of_place_of_worship_in_2000m_radius": 38.68026455865365, "distance_hn_DuongMaiChiTho": 8.88815803964883, "distance_hn_LeHongPhong": 8.6191463724504, "nearest_2_lat": 10.791243698194778, "distance_hn_NguyenTriPhuong": 13.948809367954736, "distance_hn_TranHungDao": 8.53460446791792, "distance_hn_DuongNguyenTatThanh": 8.745600303819861, "distance_hn_NguyenVanLinh": 9.179091093699352, "nearest_3_lon": 106.68234818504986, "num_of_restaurant_in_2000m_radius": 121.82717615348027, "distance_nearest_2": 5.91562567960928}