administrative_genre,meanLandSize
0,109.77336755763511
1,2442.5730157952735
