administrative_genre,meanLandSize
0,89.24957780115429
1,141.421432354209
